-- phpMyAdmin SQL Dump
-- version 5.2.1
-- https://www.phpmyadmin.net/
--
-- Host: 127.0.0.1
-- Generation Time: Aug 10, 2024 at 04:11 AM
-- Server version: 10.4.32-MariaDB
-- PHP Version: 8.2.12

SET SQL_MODE = "NO_AUTO_VALUE_ON_ZERO";
START TRANSACTION;
SET time_zone = "+00:00";


/*!40101 SET @OLD_CHARACTER_SET_CLIENT=@@CHARACTER_SET_CLIENT */;
/*!40101 SET @OLD_CHARACTER_SET_RESULTS=@@CHARACTER_SET_RESULTS */;
/*!40101 SET @OLD_COLLATION_CONNECTION=@@COLLATION_CONNECTION */;
/*!40101 SET NAMES utf8mb4 */;

--
-- Database: `scan`
--

-- --------------------------------------------------------

--
-- Table structure for table `attendance`
--

CREATE TABLE `attendance` (
  `attendanceID` int(11) NOT NULL,
  `teacher_Id` int(100) NOT NULL,
  `studentID` int(11) DEFAULT NULL,
  `date` date DEFAULT NULL,
  `status` varchar(10) DEFAULT NULL
) ENGINE=InnoDB DEFAULT CHARSET=utf8mb4 COLLATE=utf8mb4_general_ci;

--
-- Dumping data for table `attendance`
--

INSERT INTO `attendance` (`attendanceID`, `teacher_Id`, `studentID`, `date`, `status`) VALUES
(1, 3, 43, '2024-08-02', 'Present'),
(2, 5, 44, '2024-08-02', 'Present'),
(3, 6, 45, '2024-08-02', 'Absent'),
(4, 4, 46, '2024-08-02', 'Present'),
(5, 2, 47, '2024-08-02', 'Late'),
(6, 7, 48, '2024-08-02', 'Present'),
(7, 9, 49, '2024-08-02', 'Present'),
(8, 3, 50, '2024-08-02', 'Late'),
(9, 7, 51, '2024-08-02', 'Present'),
(10, 5, 52, '2024-08-02', 'Absent'),
(11, 6, 43, '2024-08-03', 'Present'),
(12, 1, 44, '2024-08-03', 'Present'),
(13, 9, 45, '2024-08-03', 'Absent'),
(14, 2, 46, '2024-08-03', 'Present'),
(15, 10, 47, '2024-08-03', 'Late'),
(16, 4, 48, '2024-08-03', 'Present'),
(17, 1, 49, '2024-08-03', 'Present'),
(18, 3, 50, '2024-08-03', 'Late'),
(19, 10, 51, '2024-08-03', 'Present'),
(20, 3, 52, '2024-08-03', 'Absent'),
(21, 2, 43, '2024-08-04', 'Present'),
(22, 2, 44, '2024-08-04', 'Present'),
(23, 4, 45, '2024-08-04', 'Absent'),
(24, 2, 46, '2024-08-04', 'Present'),
(25, 7, 47, '2024-08-04', 'Late'),
(26, 9, 48, '2024-08-04', 'Present'),
(27, 5, 49, '2024-08-04', 'Present'),
(28, 5, 50, '2024-08-04', 'Late'),
(29, 10, 51, '2024-08-04', 'Present'),
(30, 5, 52, '2024-08-04', 'Absent'),
(31, 4, 43, '2024-08-05', 'Present'),
(32, 4, 44, '2024-08-05', 'Present'),
(33, 6, 45, '2024-08-05', 'Absent'),
(34, 10, 46, '2024-08-05', 'Present'),
(35, 2, 47, '2024-08-05', 'Late'),
(36, 8, 48, '2024-08-05', 'Present'),
(37, 3, 49, '2024-08-05', 'Present'),
(38, 2, 50, '2024-08-05', 'Late'),
(39, 9, 51, '2024-08-05', 'Present'),
(40, 1, 52, '2024-08-05', 'Absent'),
(41, 6, 43, '2024-06-05', 'Present'),
(42, 6, 44, '2024-06-05', 'Present'),
(43, 1, 45, '2024-06-05', 'Absent'),
(44, 9, 46, '2024-06-05', 'Present'),
(45, 10, 47, '2024-06-05', 'Late'),
(46, 1, 48, '2024-06-05', 'Present'),
(47, 5, 49, '2024-06-05', 'Present'),
(48, 3, 50, '2024-06-05', 'Late'),
(49, 9, 51, '2024-06-05', 'Present'),
(50, 5, 52, '2024-06-05', 'Absent'),
(51, 6, 43, '2024-06-06', 'Present'),
(52, 4, 44, '2024-06-06', 'Present'),
(53, 4, 45, '2024-06-06', 'Absent'),
(54, 6, 46, '2024-06-06', 'Present'),
(55, 7, 47, '2024-06-06', 'Late'),
(56, 7, 48, '2024-06-06', 'Present'),
(57, 4, 49, '2024-06-06', 'Present'),
(58, 8, 50, '2024-06-06', 'Late'),
(59, 6, 51, '2024-06-06', 'Present'),
(60, 6, 52, '2024-06-06', 'Absent'),
(61, 2, 43, '2024-06-07', 'Present'),
(62, 2, 44, '2024-06-07', 'Present'),
(63, 3, 45, '2024-06-07', 'Absent'),
(64, 10, 46, '2024-06-07', 'Present'),
(65, 1, 47, '2024-06-07', 'Late'),
(66, 3, 48, '2024-06-07', 'Present'),
(67, 1, 49, '2024-06-07', 'Present'),
(68, 6, 50, '2024-06-07', 'Late'),
(69, 5, 51, '2024-06-07', 'Present'),
(70, 8, 52, '2024-06-07', 'Absent'),
(71, 6, 43, '2024-06-08', 'Present'),
(72, 3, 44, '2024-06-08', 'Present'),
(73, 7, 45, '2024-06-08', 'Absent'),
(74, 4, 46, '2024-06-08', 'Present'),
(75, 8, 47, '2024-06-08', 'Late'),
(76, 10, 48, '2024-06-08', 'Present'),
(77, 5, 49, '2024-06-08', 'Present'),
(78, 4, 50, '2024-06-08', 'Late'),
(79, 4, 51, '2024-06-08', 'Present'),
(80, 8, 52, '2024-06-08', 'Absent'),
(81, 6, 43, '2024-06-09', 'Present'),
(82, 8, 44, '2024-06-09', 'Present'),
(83, 9, 45, '2024-06-09', 'Absent'),
(84, 1, 46, '2024-06-09', 'Present'),
(85, 9, 47, '2024-06-09', 'Late'),
(86, 1, 48, '2024-06-09', 'Present'),
(87, 8, 49, '2024-06-09', 'Present'),
(88, 6, 50, '2024-06-09', 'Late'),
(89, 5, 51, '2024-06-09', 'Present'),
(90, 6, 52, '2024-06-09', 'Absent'),
(91, 5, 43, '2024-06-10', 'Present'),
(92, 7, 44, '2024-06-10', 'Present'),
(93, 8, 45, '2024-06-10', 'Absent'),
(94, 8, 46, '2024-06-10', 'Present'),
(95, 5, 47, '2024-06-10', 'Late'),
(96, 10, 48, '2024-06-10', 'Present'),
(97, 5, 49, '2024-06-10', 'Present'),
(98, 6, 50, '2024-06-10', 'Late'),
(99, 6, 51, '2024-06-10', 'Present'),
(100, 9, 52, '2024-06-10', 'Absent'),
(101, 7, 43, '2024-06-11', 'Present'),
(102, 8, 44, '2024-06-11', 'Present'),
(103, 9, 45, '2024-06-11', 'Present'),
(104, 1, 46, '2024-06-11', 'Present'),
(105, 6, 47, '2024-06-11', 'Present'),
(106, 7, 48, '2024-06-11', 'Present'),
(107, 7, 49, '2024-06-11', 'Present'),
(108, 2, 50, '2024-06-11', 'Present'),
(109, 1, 51, '2024-06-11', 'Present'),
(110, 8, 52, '2024-06-11', 'Present'),
(111, 5, 43, '2024-06-12', 'Present'),
(112, 10, 44, '2024-06-12', 'Absent'),
(113, 5, 45, '2024-06-12', 'Late'),
(114, 6, 46, '2024-06-12', 'Present'),
(115, 5, 47, '2024-06-12', 'Present'),
(116, 5, 48, '2024-06-12', 'Absent'),
(117, 8, 49, '2024-06-12', 'Present'),
(118, 8, 50, '2024-06-12', 'Late'),
(119, 2, 51, '2024-06-12', 'Present'),
(120, 6, 52, '2024-06-12', 'Absent'),
(122, 10, 44, '2024-06-13', 'Present'),
(123, 1, 45, '2024-06-13', 'Present'),
(124, 6, 46, '2024-06-13', 'Present'),
(125, 5, 47, '2024-06-13', 'Late'),
(126, 7, 48, '2024-06-13', 'Present'),
(127, 10, 49, '2024-06-13', 'Absent'),
(128, 7, 50, '2024-06-13', 'Present'),
(129, 6, 51, '2024-06-13', 'Late'),
(130, 7, 52, '2024-06-13', 'Present'),
(131, 6, 43, '2024-06-14', 'Present'),
(132, 8, 44, '2024-06-14', 'Present'),
(133, 2, 45, '2024-06-14', 'Present'),
(134, 7, 46, '2024-06-14', 'Present'),
(135, 6, 47, '2024-06-14', 'Present'),
(136, 8, 48, '2024-06-14', 'Present'),
(137, 4, 49, '2024-06-14', 'Present'),
(138, 3, 50, '2024-06-14', 'Present'),
(139, 3, 51, '2024-06-14', 'Present'),
(140, 6, 52, '2024-06-14', 'Present'),
(141, 1, 43, '2024-06-15', 'Late'),
(142, 5, 44, '2024-06-15', 'Absent'),
(143, 4, 45, '2024-06-15', 'Present'),
(144, 3, 46, '2024-06-15', 'Present'),
(145, 3, 47, '2024-06-15', 'Late'),
(146, 6, 48, '2024-06-15', 'Present'),
(147, 1, 49, '2024-06-15', 'Present'),
(148, 8, 50, '2024-06-15', 'Absent'),
(149, 3, 51, '2024-06-15', 'Present'),
(150, 3, 52, '2024-06-15', 'Late'),
(152, 10, 44, '2024-06-16', 'Present'),
(153, 10, 45, '2024-06-16', 'Absent'),
(154, 9, 46, '2024-06-16', 'Present'),
(155, 5, 47, '2024-06-16', 'Late'),
(156, 8, 48, '2024-06-16', 'Present'),
(157, 4, 49, '2024-06-16', 'Present'),
(158, 7, 50, '2024-06-16', 'Late'),
(159, 2, 51, '2024-06-16', 'Present'),
(160, 10, 52, '2024-06-16', 'Present'),
(161, 1, 43, '2024-06-17', 'Late'),
(162, 5, 44, '2024-06-17', 'Absent'),
(163, 10, 45, '2024-06-17', 'Present'),
(164, 5, 46, '2024-06-17', 'Present'),
(165, 4, 47, '2024-06-17', 'Present'),
(166, 7, 48, '2024-06-17', 'Present'),
(167, 1, 49, '2024-06-17', 'Present'),
(168, 3, 50, '2024-06-17', 'Absent'),
(169, 2, 51, '2024-06-17', 'Present'),
(170, 9, 52, '2024-06-17', 'Absent'),
(171, 7, 43, '2024-06-18', 'Present'),
(172, 1, 44, '2024-06-18', 'Present'),
(173, 3, 45, '2024-06-18', 'Present'),
(174, 2, 46, '2024-06-18', 'Present'),
(175, 10, 47, '2024-06-18', 'Present'),
(176, 5, 48, '2024-06-18', 'Present'),
(177, 4, 49, '2024-06-18', 'Present'),
(178, 4, 50, '2024-06-18', 'Present'),
(179, 9, 51, '2024-06-18', 'Present'),
(180, 3, 52, '2024-06-18', 'Present'),
(181, 5, 43, '2024-06-19', 'Present'),
(182, 5, 44, '2024-06-19', 'Absent'),
(183, 10, 45, '2024-06-19', 'Late'),
(184, 7, 46, '2024-06-19', 'Present'),
(185, 3, 47, '2024-06-19', 'Late'),
(186, 4, 48, '2024-06-19', 'Present'),
(187, 9, 49, '2024-06-19', 'Absent'),
(188, 1, 50, '2024-06-19', 'Present'),
(189, 1, 51, '2024-06-19', 'Late'),
(190, 1, 52, '2024-06-19', 'Present'),
(192, 6, 44, '2024-06-20', 'Present'),
(193, 2, 45, '2024-06-20', 'Present'),
(194, 9, 46, '2024-06-20', 'Absent'),
(195, 10, 47, '2024-06-20', 'Late'),
(196, 3, 48, '2024-06-20', 'Present'),
(197, 2, 49, '2024-06-20', 'Present'),
(198, 1, 50, '2024-06-20', 'Late'),
(199, 10, 51, '2024-06-20', 'Absent'),
(200, 4, 52, '2024-06-20', 'Present'),
(201, 2, 43, '2024-06-21', 'Present'),
(202, 7, 44, '2024-06-21', 'Late'),
(203, 9, 45, '2024-06-21', 'Present'),
(204, 4, 46, '2024-06-21', 'Absent'),
(205, 1, 47, '2024-06-21', 'Present'),
(206, 3, 48, '2024-06-21', 'Present'),
(207, 10, 49, '2024-06-21', 'Late'),
(208, 10, 50, '2024-06-21', 'Present'),
(209, 9, 51, '2024-06-21', 'Absent'),
(210, 4, 52, '2024-06-21', 'Present'),
(212, 5, 44, '2024-06-22', 'Present'),
(213, 5, 45, '2024-06-22', 'Present'),
(214, 8, 46, '2024-06-22', 'Late'),
(215, 4, 47, '2024-06-22', 'Present'),
(216, 8, 48, '2024-06-22', 'Absent'),
(217, 5, 49, '2024-06-22', 'Present'),
(218, 3, 50, '2024-06-22', 'Present'),
(219, 7, 51, '2024-06-22', 'Late'),
(220, 8, 52, '2024-06-22', 'Present'),
(221, 8, 43, '2024-06-23', 'Present'),
(222, 5, 44, '2024-06-23', 'Absent'),
(223, 10, 45, '2024-06-23', 'Present'),
(224, 6, 46, '2024-06-23', 'Present'),
(225, 1, 47, '2024-06-23', 'Present'),
(226, 4, 48, '2024-06-23', 'Late'),
(227, 8, 49, '2024-06-23', 'Absent'),
(228, 6, 50, '2024-06-23', 'Present'),
(229, 4, 51, '2024-06-23', 'Present'),
(230, 4, 52, '2024-06-23', 'Late'),
(231, 8, 43, '2024-06-24', 'Present'),
(232, 7, 44, '2024-06-24', 'Present'),
(233, 10, 45, '2024-06-24', 'Present'),
(234, 8, 46, '2024-06-24', 'Present'),
(235, 1, 47, '2024-06-24', 'Present'),
(236, 2, 48, '2024-06-24', 'Present'),
(237, 3, 49, '2024-06-24', 'Present'),
(238, 9, 50, '2024-06-24', 'Present'),
(239, 6, 51, '2024-06-24', 'Present'),
(240, 4, 52, '2024-06-24', 'Present'),
(241, 10, 43, '2024-06-25', 'Late'),
(242, 10, 44, '2024-06-25', 'Absent'),
(243, 6, 45, '2024-06-25', 'Present'),
(244, 2, 46, '2024-06-25', 'Present'),
(245, 10, 47, '2024-06-25', 'Present'),
(246, 3, 48, '2024-06-25', 'Late'),
(247, 4, 49, '2024-06-25', 'Absent'),
(248, 2, 50, '2024-06-25', 'Present'),
(249, 5, 51, '2024-06-25', 'Present'),
(250, 1, 52, '2024-06-25', 'Present'),
(252, 1, 44, '2024-06-26', 'Present'),
(253, 9, 45, '2024-06-26', 'Present'),
(254, 10, 46, '2024-06-26', 'Late'),
(255, 2, 47, '2024-06-26', 'Present'),
(256, 10, 48, '2024-06-26', 'Absent'),
(257, 6, 49, '2024-06-26', 'Present'),
(258, 6, 50, '2024-06-26', 'Present'),
(259, 5, 51, '2024-06-26', 'Present'),
(260, 3, 52, '2024-06-26', 'Late'),
(261, 10, 43, '2024-06-27', 'Present'),
(262, 2, 44, '2024-06-27', 'Absent'),
(263, 7, 45, '2024-06-27', 'Late'),
(264, 1, 46, '2024-06-27', 'Present'),
(265, 4, 47, '2024-06-27', 'Present'),
(266, 7, 48, '2024-06-27', 'Absent'),
(267, 1, 49, '2024-06-27', 'Present'),
(268, 4, 50, '2024-06-27', 'Present'),
(269, 5, 51, '2024-06-27', 'Late'),
(270, 2, 52, '2024-06-27', 'Present'),
(271, 4, 43, '2024-06-28', 'Present'),
(272, 6, 44, '2024-06-28', 'Present'),
(273, 8, 45, '2024-06-28', 'Present'),
(274, 10, 46, '2024-06-28', 'Present'),
(275, 8, 47, '2024-06-28', 'Present'),
(276, 6, 48, '2024-06-28', 'Present'),
(277, 8, 49, '2024-06-28', 'Present'),
(278, 9, 50, '2024-06-28', 'Present'),
(279, 3, 51, '2024-06-28', 'Present'),
(280, 5, 52, '2024-06-28', 'Present'),
(281, 8, 43, '2024-06-29', 'Late'),
(282, 3, 44, '2024-06-29', 'Absent'),
(283, 2, 45, '2024-06-29', 'Present'),
(284, 10, 46, '2024-06-29', 'Present'),
(285, 3, 47, '2024-06-29', 'Late'),
(286, 4, 48, '2024-06-29', 'Absent'),
(287, 10, 49, '2024-06-29', 'Present'),
(288, 7, 50, '2024-06-29', 'Present'),
(289, 5, 51, '2024-06-29', 'Present'),
(290, 4, 52, '2024-06-29', 'Late'),
(292, 3, 44, '2024-06-30', 'Present'),
(293, 9, 45, '2024-06-30', 'Present'),
(294, 4, 46, '2024-06-30', 'Late'),
(295, 3, 47, '2024-06-30', 'Present'),
(296, 4, 48, '2024-06-30', 'Absent'),
(297, 2, 49, '2024-06-30', 'Present'),
(298, 5, 50, '2024-06-30', 'Present'),
(299, 9, 51, '2024-06-30', 'Late'),
(300, 10, 52, '2024-06-30', 'Present'),
(301, 10, 43, '2024-07-01', 'Present'),
(302, 3, 44, '2024-07-01', 'Absent'),
(303, 2, 45, '2024-07-01', 'Present'),
(304, 3, 46, '2024-07-01', 'Present'),
(305, 5, 47, '2024-07-01', 'Late'),
(306, 8, 48, '2024-07-01', 'Absent'),
(307, 4, 49, '2024-07-01', 'Present'),
(308, 4, 50, '2024-07-01', 'Present'),
(309, 10, 51, '2024-07-01', 'Late'),
(310, 6, 52, '2024-07-01', 'Late'),
(311, 10, 43, '2024-07-02', 'Present'),
(312, 9, 44, '2024-07-02', 'Absent'),
(313, 8, 45, '2024-07-02', 'Present'),
(314, 1, 46, '2024-07-02', 'Late'),
(315, 9, 47, '2024-07-02', 'Present'),
(316, 4, 48, '2024-07-02', 'Absent'),
(317, 3, 49, '2024-07-02', 'Present'),
(318, 1, 50, '2024-07-02', 'Present'),
(319, 4, 51, '2024-07-02', 'Late'),
(320, 9, 52, '2024-07-02', 'Present'),
(321, 10, 43, '2024-07-03', 'Late'),
(322, 2, 44, '2024-07-03', 'Present'),
(323, 9, 45, '2024-07-03', 'Absent'),
(324, 10, 46, '2024-07-03', 'Present'),
(325, 2, 47, '2024-07-03', 'Present'),
(326, 9, 48, '2024-07-03', 'Present'),
(327, 9, 49, '2024-07-03', 'Absent'),
(328, 6, 50, '2024-07-03', 'Present'),
(329, 2, 51, '2024-07-03', 'Present'),
(330, 3, 52, '2024-07-03', 'Late'),
(331, 9, 43, '2024-07-04', 'Present'),
(332, 7, 44, '2024-07-04', 'Present'),
(333, 5, 45, '2024-07-04', 'Present'),
(334, 3, 46, '2024-07-04', 'Present'),
(335, 2, 47, '2024-07-04', 'Present'),
(336, 10, 48, '2024-07-04', 'Present'),
(337, 3, 49, '2024-07-04', 'Present'),
(338, 5, 50, '2024-07-04', 'Present'),
(339, 4, 51, '2024-07-04', 'Present'),
(340, 5, 52, '2024-07-04', 'Present'),
(342, 7, 44, '2024-07-05', 'Present'),
(343, 10, 45, '2024-07-05', 'Present'),
(344, 1, 46, '2024-07-05', 'Late'),
(345, 1, 47, '2024-07-05', 'Present'),
(346, 4, 48, '2024-07-05', 'Absent'),
(347, 7, 49, '2024-07-05', 'Present'),
(348, 1, 50, '2024-07-05', 'Present'),
(349, 5, 51, '2024-07-05', 'Absent'),
(350, 3, 52, '2024-07-05', 'Present'),
(351, 7, 43, '2024-07-06', 'Present'),
(352, 7, 44, '2024-07-06', 'Absent'),
(353, 1, 45, '2024-07-06', 'Present'),
(354, 5, 46, '2024-07-06', 'Present'),
(355, 1, 47, '2024-07-06', 'Late'),
(356, 10, 48, '2024-07-06', 'Present'),
(357, 8, 49, '2024-07-06', 'Present'),
(358, 9, 50, '2024-07-06', 'Absent'),
(359, 1, 51, '2024-07-06', 'Present'),
(360, 9, 52, '2024-07-06', 'Present'),
(361, 9, 43, '2024-07-07', 'Present'),
(362, 7, 44, '2024-07-07', 'Absent'),
(363, 9, 45, '2024-07-07', 'Present'),
(364, 1, 46, '2024-07-07', 'Late'),
(365, 10, 47, '2024-07-07', 'Absent'),
(366, 4, 48, '2024-07-07', 'Present'),
(367, 2, 49, '2024-07-07', 'Present'),
(368, 7, 50, '2024-07-07', 'Present'),
(369, 9, 51, '2024-07-07', 'Absent'),
(370, 3, 52, '2024-07-07', 'Present'),
(371, 7, 43, '2024-07-08', 'Present'),
(372, 6, 44, '2024-07-08', 'Present'),
(373, 9, 45, '2024-07-08', 'Present'),
(374, 7, 46, '2024-07-08', 'Present'),
(375, 5, 47, '2024-07-08', 'Present'),
(376, 7, 48, '2024-07-08', 'Present'),
(377, 7, 49, '2024-07-08', 'Present'),
(378, 3, 50, '2024-07-08', 'Present'),
(379, 3, 51, '2024-07-08', 'Present'),
(380, 5, 52, '2024-07-08', 'Present'),
(382, 1, 44, '2024-07-09', 'Present'),
(383, 4, 45, '2024-07-09', 'Present'),
(384, 6, 46, '2024-07-09', 'Late'),
(385, 6, 47, '2024-07-09', 'Present'),
(386, 3, 48, '2024-07-09', 'Present'),
(387, 5, 49, '2024-07-09', 'Absent'),
(388, 8, 50, '2024-07-09', 'Present'),
(389, 4, 51, '2024-07-09', 'Present'),
(390, 6, 52, '2024-07-09', 'Late'),
(391, 7, 43, '2024-07-10', 'Present'),
(392, 7, 44, '2024-07-10', 'Absent'),
(393, 4, 45, '2024-07-10', 'Present'),
(394, 9, 46, '2024-07-10', 'Present'),
(395, 4, 47, '2024-07-10', 'Absent'),
(396, 10, 48, '2024-07-10', 'Present'),
(397, 7, 49, '2024-07-10', 'Present'),
(398, 3, 50, '2024-07-10', 'Late'),
(399, 6, 51, '2024-07-10', 'Present'),
(400, 2, 52, '2024-07-10', 'Absent'),
(401, 8, 43, '2024-07-11', 'Present'),
(402, 5, 44, '2024-07-11', 'Absent'),
(403, 3, 45, '2024-07-11', 'Present'),
(404, 6, 46, '2024-07-11', 'Present'),
(405, 10, 47, '2024-07-11', 'Present'),
(406, 4, 48, '2024-07-11', 'Present'),
(407, 8, 49, '2024-07-11', 'Absent'),
(408, 8, 50, '2024-07-11', 'Present'),
(409, 6, 51, '2024-07-11', 'Present'),
(410, 3, 52, '2024-07-11', 'Late'),
(411, 9, 43, '2024-07-12', 'Present'),
(412, 4, 44, '2024-07-12', 'Present'),
(413, 5, 45, '2024-07-12', 'Absent'),
(414, 10, 46, '2024-07-12', 'Present'),
(415, 5, 47, '2024-07-12', 'Present'),
(416, 4, 48, '2024-07-12', 'Absent'),
(417, 4, 49, '2024-07-12', 'Present'),
(418, 7, 50, '2024-07-12', 'Present'),
(419, 5, 51, '2024-07-12', 'Absent'),
(420, 3, 52, '2024-07-12', 'Present'),
(421, 9, 43, '2024-07-13', 'Present'),
(422, 5, 44, '2024-07-13', 'Present'),
(423, 8, 45, '2024-07-13', 'Present'),
(424, 6, 46, '2024-07-13', 'Present'),
(425, 4, 47, '2024-07-13', 'Present'),
(426, 2, 48, '2024-07-13', 'Present'),
(427, 8, 49, '2024-07-13', 'Present'),
(428, 4, 50, '2024-07-13', 'Present'),
(429, 6, 51, '2024-07-13', 'Present'),
(430, 5, 52, '2024-07-13', 'Present'),
(432, 7, 44, '2024-07-14', 'Absent'),
(433, 9, 45, '2024-07-14', 'Present'),
(434, 5, 46, '2024-07-14', 'Present'),
(435, 5, 47, '2024-07-14', 'Absent'),
(436, 10, 48, '2024-07-14', 'Absent'),
(437, 4, 49, '2024-07-14', 'Present'),
(438, 1, 50, '2024-07-14', 'Absent'),
(439, 1, 51, '2024-07-14', 'Absent'),
(440, 1, 52, '2024-07-14', 'Present'),
(441, 3, 43, '2024-07-15', 'Present'),
(442, 9, 44, '2024-07-15', 'Present'),
(443, 7, 45, '2024-07-15', 'Present'),
(444, 9, 46, '2024-07-15', 'Present'),
(445, 3, 47, '2024-07-15', 'Present'),
(446, 8, 48, '2024-07-15', 'Present'),
(447, 9, 49, '2024-07-15', 'Present'),
(448, 3, 50, '2024-07-15', 'Present'),
(449, 7, 51, '2024-07-15', 'Present'),
(450, 4, 52, '2024-07-15', 'Present'),
(451, 1, 43, '2024-07-16', 'Present'),
(452, 1, 44, '2024-07-16', 'Absent'),
(453, 10, 45, '2024-07-16', 'Present'),
(454, 10, 46, '2024-07-16', 'Present'),
(455, 6, 47, '2024-07-16', 'Absent'),
(456, 10, 48, '2024-07-16', 'Present'),
(457, 4, 49, '2024-07-16', 'Absent'),
(458, 7, 50, '2024-07-16', 'Present'),
(459, 4, 51, '2024-07-16', 'Present'),
(460, 9, 52, '2024-07-16', 'Absent'),
(461, 3, 43, '2024-07-17', 'Present'),
(462, 6, 44, '2024-07-17', 'Present'),
(463, 10, 45, '2024-07-17', 'Present'),
(464, 1, 46, '2024-07-17', 'Present'),
(465, 4, 47, '2024-07-17', 'Absent'),
(466, 6, 48, '2024-07-17', 'Present'),
(467, 7, 49, '2024-07-17', 'Absent'),
(468, 6, 50, '2024-07-17', 'Present'),
(469, 1, 51, '2024-07-17', 'Present'),
(470, 4, 52, '2024-07-17', 'Present'),
(472, 7, 44, '2024-07-18', 'Absent'),
(473, 9, 45, '2024-07-18', 'Present'),
(474, 6, 46, '2024-07-18', 'Present'),
(475, 2, 47, '2024-07-18', 'Present'),
(476, 3, 48, '2024-07-18', 'Absent'),
(477, 7, 49, '2024-07-18', 'Present'),
(478, 6, 50, '2024-07-18', 'Present'),
(479, 10, 51, '2024-07-18', 'Absent'),
(480, 1, 52, '2024-07-18', 'Absent'),
(481, 4, 43, '2024-07-19', 'Present'),
(482, 6, 44, '2024-07-19', 'Absent'),
(483, 6, 45, '2024-07-19', 'Present'),
(484, 4, 46, '2024-07-19', 'Late'),
(485, 2, 47, '2024-07-19', 'Present'),
(486, 7, 48, '2024-07-19', 'Absent'),
(487, 9, 49, '2024-07-19', 'Present'),
(488, 1, 50, '2024-07-19', 'Present'),
(489, 9, 51, '2024-07-19', 'Absent'),
(490, 2, 52, '2024-07-19', 'Present'),
(491, 2, 43, '2024-07-20', 'Present'),
(492, 2, 44, '2024-07-20', 'Present'),
(493, 7, 45, '2024-07-20', 'Present'),
(494, 5, 46, '2024-07-20', 'Absent'),
(495, 3, 47, '2024-07-20', 'Present'),
(496, 3, 48, '2024-07-20', 'Absent'),
(497, 3, 49, '2024-07-20', 'Present'),
(498, 5, 50, '2024-07-20', 'Present'),
(499, 6, 51, '2024-07-20', 'Present'),
(500, 5, 52, '2024-07-20', 'Absent'),
(501, 7, 43, '2024-07-21', 'Present'),
(502, 8, 44, '2024-07-21', 'Present'),
(503, 7, 45, '2024-07-21', 'Absent'),
(504, 3, 46, '2024-07-21', 'Present'),
(505, 4, 47, '2024-07-21', 'Absent'),
(506, 9, 48, '2024-07-21', 'Present'),
(507, 5, 49, '2024-07-21', 'Present'),
(508, 4, 50, '2024-07-21', 'Absent'),
(509, 6, 51, '2024-07-21', 'Present'),
(510, 8, 52, '2024-07-21', 'Present'),
(511, 10, 43, '2024-07-22', 'Present'),
(512, 6, 44, '2024-07-22', 'Present'),
(513, 2, 45, '2024-07-22', 'Absent'),
(514, 8, 46, '2024-07-22', 'Present'),
(515, 6, 47, '2024-07-22', 'Absent'),
(516, 4, 48, '2024-07-22', 'Present'),
(517, 1, 49, '2024-07-22', 'Present'),
(518, 2, 50, '2024-07-22', 'Absent'),
(519, 8, 51, '2024-07-22', 'Present'),
(520, 1, 52, '2024-07-22', 'Present'),
(522, 5, 44, '2024-08-01', 'Absent'),
(523, 1, 45, '2024-08-01', 'Present'),
(524, 1, 46, '2024-08-01', 'Present'),
(525, 2, 47, '2024-08-01', 'Absent'),
(526, 6, 48, '2024-08-01', 'Absent'),
(527, 5, 49, '2024-08-01', 'Present'),
(528, 6, 50, '2024-08-01', 'Absent'),
(529, 2, 51, '2024-08-01', 'Absent'),
(530, 3, 52, '2024-08-01', 'Present'),
(531, 9, 43, '2024-08-02', 'Present'),
(532, 6, 44, '2024-08-02', 'Present'),
(533, 1, 45, '2024-08-02', 'Present'),
(534, 9, 46, '2024-08-02', 'Present'),
(535, 9, 47, '2024-08-02', 'Present'),
(536, 10, 48, '2024-08-02', 'Present'),
(537, 10, 49, '2024-08-02', 'Present'),
(538, 2, 50, '2024-08-02', 'Present'),
(539, 10, 51, '2024-08-02', 'Present'),
(540, 3, 52, '2024-08-02', 'Present'),
(542, 9, 44, '2024-08-03', 'Present'),
(543, 5, 45, '2024-08-03', 'Present'),
(544, 5, 46, '2024-08-03', 'Absent'),
(545, 1, 47, '2024-08-03', 'Present'),
(546, 9, 48, '2024-08-03', 'Absent'),
(547, 10, 49, '2024-08-03', 'Present'),
(548, 5, 50, '2024-08-03', 'Present'),
(549, 5, 51, '2024-08-03', 'Absent'),
(550, 8, 52, '2024-08-03', 'Present'),
(551, 7, 43, '2024-08-04', 'Present'),
(552, 7, 44, '2024-08-04', 'Present'),
(553, 5, 45, '2024-08-04', 'Absent'),
(554, 3, 46, '2024-08-04', 'Present'),
(555, 1, 47, '2024-08-04', 'Present'),
(556, 6, 48, '2024-08-04', 'Absent'),
(557, 4, 49, '2024-08-04', 'Present'),
(558, 1, 50, '2024-08-04', 'Present'),
(559, 4, 51, '2024-08-04', 'Absent'),
(560, 6, 52, '2024-08-04', 'Present'),
(561, 8, 43, '2024-07-27', 'Present'),
(562, 9, 44, '2024-07-27', 'Absent'),
(563, 4, 45, '2024-07-27', 'Present'),
(564, 1, 46, '2024-07-27', 'Absent'),
(565, 10, 47, '2024-07-27', 'Present'),
(566, 10, 48, '2024-07-27', 'Absent'),
(567, 10, 49, '2024-07-27', 'Present'),
(568, 7, 50, '2024-07-27', 'Absent'),
(569, 6, 51, '2024-07-27', 'Present'),
(570, 8, 52, '2024-07-27', 'Present'),
(572, 6, 44, '2024-07-28', 'Absent'),
(573, 1, 45, '2024-07-28', 'Present'),
(574, 5, 46, '2024-07-28', 'Present'),
(575, 3, 47, '2024-07-28', 'Absent'),
(576, 8, 48, '2024-07-28', 'Absent'),
(577, 2, 49, '2024-07-28', 'Present'),
(578, 4, 50, '2024-07-28', 'Absent'),
(579, 4, 51, '2024-07-28', 'Absent'),
(580, 9, 52, '2024-07-28', 'Present'),
(581, 3, 43, '2024-07-29', 'Present'),
(582, 8, 44, '2024-07-29', 'Present'),
(583, 8, 45, '2024-07-29', 'Present'),
(584, 6, 46, '2024-07-29', 'Present'),
(585, 8, 47, '2024-07-29', 'Present'),
(586, 9, 48, '2024-07-29', 'Present'),
(587, 2, 49, '2024-07-29', 'Present'),
(588, 1, 50, '2024-07-29', 'Present'),
(589, 1, 51, '2024-07-29', 'Present'),
(590, 1, 52, '2024-07-29', 'Present'),
(591, 3, 43, '2024-07-30', 'Present'),
(592, 9, 44, '2024-07-30', 'Absent'),
(593, 5, 45, '2024-07-30', 'Present'),
(594, 10, 46, '2024-07-30', 'Absent'),
(595, 5, 47, '2024-07-30', 'Present'),
(596, 4, 48, '2024-07-30', 'Absent'),
(597, 4, 49, '2024-07-30', 'Present'),
(598, 6, 50, '2024-07-30', 'Absent'),
(599, 10, 51, '2024-07-30', 'Present'),
(600, 1, 52, '2024-07-30', 'Absent'),
(601, 6, 43, '2024-07-31', 'Present'),
(602, 5, 44, '2024-07-31', 'Present'),
(603, 7, 45, '2024-07-31', 'Present'),
(604, 10, 46, '2024-07-31', 'Absent'),
(605, 9, 47, '2024-07-31', 'Present'),
(606, 4, 48, '2024-07-31', 'Absent'),
(607, 3, 49, '2024-07-31', 'Present'),
(608, 3, 50, '2024-07-31', 'Present'),
(609, 4, 51, '2024-07-31', 'Present'),
(610, 2, 52, '2024-07-31', 'Absent'),
(611, 9, 43, '2024-08-01', 'Present'),
(612, 6, 44, '2024-08-01', 'Absent'),
(613, 5, 45, '2024-08-01', 'Present'),
(614, 4, 46, '2024-08-01', 'Present'),
(615, 3, 47, '2024-08-01', 'Absent'),
(616, 5, 48, '2024-08-01', 'Present'),
(617, 6, 49, '2024-08-01', 'Absent'),
(618, 3, 50, '2024-08-01', 'Present'),
(619, 9, 51, '2024-08-01', 'Present'),
(620, 2, 52, '2024-08-01', 'Absent'),
(622, 1, 25, '2024-08-06', 'Late'),
(623, 2, 26, '2024-08-07', 'Absent'),
(624, 3, 27, '2024-08-08', 'Present'),
(625, 4, 28, '2024-08-09', 'Late'),
(626, 5, 29, '2024-08-10', 'Absent'),
(627, 6, 42, '2024-08-11', 'Present'),
(628, 7, 43, '2024-08-12', 'Late'),
(629, 8, 44, '2024-08-13', 'Absent'),
(630, 9, 45, '2024-08-14', 'Present'),
(631, 10, 46, '2024-08-15', 'Late'),
(632, 1, 47, '2024-08-06', 'Absent'),
(633, 2, 48, '2024-08-07', 'Present'),
(634, 3, 49, '2024-08-08', 'Late'),
(635, 4, 50, '2024-08-09', 'Absent'),
(636, 5, 25, '2024-08-10', 'Present'),
(637, 6, 26, '2024-08-11', 'Late'),
(638, 7, 27, '2024-08-12', 'Absent'),
(639, 8, 28, '2024-08-13', 'Present'),
(640, 9, 29, '2024-08-14', 'Late'),
(641, 10, 42, '2024-08-15', 'Absent'),
(642, 1, 43, '2024-08-06', 'Present'),
(643, 2, 44, '2024-08-07', 'Late'),
(644, 3, 45, '2024-08-08', 'Absent'),
(645, 4, 46, '2024-08-09', 'Present'),
(646, 5, 47, '2024-08-10', 'Late'),
(647, 6, 48, '2024-08-11', 'Absent'),
(648, 7, 49, '2024-08-12', 'Present'),
(649, 8, 50, '2024-08-13', 'Late'),
(650, 9, 25, '2024-08-14', 'Absent'),
(651, 10, 26, '2024-08-15', 'Present'),
(652, 1, 27, '2024-08-06', 'Late'),
(653, 2, 28, '2024-08-07', 'Absent'),
(654, 3, 29, '2024-08-08', 'Present'),
(655, 4, 42, '2024-08-09', 'Late'),
(657, 6, 44, '2024-08-11', 'Present'),
(658, 7, 45, '2024-08-12', 'Late'),
(659, 8, 46, '2024-08-13', 'Absent'),
(660, 9, 47, '2024-08-14', 'Present'),
(661, 10, 48, '2024-08-15', 'Late'),
(662, 1, 49, '2024-08-06', 'Absent'),
(663, 2, 50, '2024-08-07', 'Present'),
(664, 1, 42, '2024-08-06', 'Present'),
(665, 1, 44, '2024-08-06', 'Late'),
(0, 10, 43, '2024-08-07', 'Present'),
(0, 10, 43, '2024-08-08', 'Present'),
(0, 10, 43, '2024-08-09', 'Present'),
(0, 10, 43, '2024-08-11', 'Present'),
(0, 10, 43, '2024-08-13', 'Present'),
(0, 10, 43, '2024-08-14', 'Present'),
(0, 10, 43, '2024-08-15', 'Present'),
(0, 10, 43, '2024-06-13', 'Present'),
(0, 10, 43, '2024-06-16', 'Present'),
(0, 10, 43, '2024-06-20', 'Present'),
(0, 10, 43, '2024-06-22', 'Present'),
(0, 10, 43, '2024-06-26', 'Present'),
(0, 10, 43, '2024-06-30', 'Present'),
(0, 10, 43, '2024-07-05', 'Present'),
(0, 10, 43, '2024-07-09', 'Present'),
(0, 10, 43, '2024-07-14', 'Present'),
(0, 10, 43, '2024-07-18', 'Present'),
(0, 10, 43, '2024-07-28', 'Present'),
(0, 10, 43, '2024-08-10', 'Present');

-- --------------------------------------------------------

--
-- Table structure for table `classes`
--

CREATE TABLE `classes` (
  `class_id` int(100) NOT NULL,
  `grade_level` varchar(100) NOT NULL,
  `section` varchar(100) NOT NULL,
  `assigned_teacher_id` int(11) DEFAULT NULL
) ENGINE=InnoDB DEFAULT CHARSET=utf8mb4 COLLATE=utf8mb4_general_ci;

--
-- Dumping data for table `classes`
--

INSERT INTO `classes` (`class_id`, `grade_level`, `section`, `assigned_teacher_id`) VALUES
(1, 'Kinder', 'Rose', 1),
(2, 'Grade-1', 'Gumamela', 6),
(3, 'Grade-2', 'Lily', 2),
(4, 'Grade-3', 'Daisy', NULL),
(5, 'Grade-4', 'Sunflower', NULL),
(6, 'Grade-5', 'Orchid', NULL),
(7, 'Grade-6', 'Daffodil', NULL),
(8, 'Grade-7', 'Peony', NULL),
(9, 'Grade-8', 'Lotus', NULL),
(10, 'Grade-9', 'Violet', NULL),
(11, 'Grade-10', 'Rose', 11),
(12, 'Grade-11', 'Tulip', NULL),
(13, 'Grade-12', 'Lily', NULL);

-- --------------------------------------------------------

--
-- Table structure for table `student`
--

CREATE TABLE `student` (
  `studentID` int(11) NOT NULL,
  `name` varchar(100) NOT NULL,
  `gender` varchar(250) NOT NULL,
  `profile_pic` varchar(100) NOT NULL,
  `teacher_Id` int(11) DEFAULT NULL,
  `gmail` varchar(100) NOT NULL,
  `class_id` int(100) NOT NULL,
  `parent_contact` int(100) NOT NULL,
  `school_year` varchar(100) NOT NULL
) ENGINE=InnoDB DEFAULT CHARSET=utf8mb4 COLLATE=utf8mb4_general_ci;

--
-- Dumping data for table `student`
--

INSERT INTO `student` (`studentID`, `name`, `gender`, `profile_pic`, `teacher_Id`, `gmail`, `class_id`, `parent_contact`, `school_year`) VALUES
(25, 'John Doe', 'Male', 'user.jpg', 1, 'john.doe@gmail.com', 1, 2147483647, '2024-2025'),
(26, 'Jane Smith', 'Female', 'user.jpg', 1, 'jane.smith@gmail.com', 1, 2147483647, '2024-2025'),
(27, 'Michael Johnson', 'Male', 'user.jpg', 1, 'michael.johnson@gmail.com', 1, 2147483647, '2024-2025'),
(28, 'Emily Brown', 'Female', 'user.jpg', 1, 'emily.brown@gmail.com', 1, 2147483647, '2024-2025'),
(29, 'William Davis', 'Male', 'user.jpg', 1, 'william.davis@gmail.com', 1, 2147483647, '2024-2025'),
(42, 'Maria Clara Santos', 'Female', 'Maria Clara.jpg', 2, 'mariaclarasantos@gmail.com', 3, 2147483647, '2024-2025'),
(43, 'Luzviminda Reyes', 'Female', 'Luzviminda .jpg', 2, 'luzvimindareyes@gmail.com', 2, 2147483647, '2025-2026'),
(44, 'Amihan dela Cruz', 'Female', 'Amihan dela Cruz.jpg', 2, 'amihandelacruz@gmail.com', 3, 2147483647, '2024-2025'),
(45, 'Ligaya Mendoza', 'Female', 'Ligaya.jpg', 3, 'ligayamendoza@gmail.com', 3, 2147483647, '2024-2025'),
(46, 'Jose Aquino', 'Male', 'Jose.jpg', 2, 'joseaquino@gmail.com', 3, 2147483647, '2024-2025'),
(47, 'Andres Alvarez', 'Male', 'Andres .jpg', 2, 'andresalvarez@gmail.com', 3, 2147483647, '2024-2025'),
(48, 'Manuel Rodriguez ', 'Male', 'Manuel.jpg', 2, 'manuelrodriguez@gmail.com', 3, 2147483647, '2024-2025'),
(49, 'Benedicto Flores', 'Male', 'Benedicto.jpg', 2, 'benedictoflores@gmail.com', 3, 2147483647, '2024-2025'),
(50, 'Lakandula Alvarez', 'Male', 'Lakandula.jpg', 2, 'lakandulaalvarez@gmail.com', 3, 2147483647, '2024-2025');

-- --------------------------------------------------------

--
-- Table structure for table `users`
--

CREATE TABLE `users` (
  `id` int(11) NOT NULL,
  `firstname` varchar(50) NOT NULL,
  `lastname` varchar(50) NOT NULL,
  `email` varchar(255) CHARACTER SET utf8mb4 COLLATE utf8mb4_bin DEFAULT NULL,
  `password` varchar(255) NOT NULL,
  `profile_pic` varchar(100) NOT NULL,
  `class_id` int(11) DEFAULT NULL
) ENGINE=InnoDB DEFAULT CHARSET=utf8mb4 COLLATE=utf8mb4_general_ci;

--
-- Dumping data for table `users`
--

INSERT INTO `users` (`id`, `firstname`, `lastname`, `email`, `password`, `profile_pic`, `class_id`) VALUES
(1, 'Eloisa', 'Cabuen', '21-70803@g.batstate-u.edu.ph', '$2a$08$E8RriSg2dt0mJBjsW7AH3ub/is7bJtRCKQzrzkvMLmEh2rod3NlZ2', '', 1),
(2, 'raica', 'perez', 'raica@gmail. com', '$2a$08$ppUgxwCnld.PeXWuZsI4C.7w.ui34yW8asn62UqJhrCnigm/qHie.', '', 3),
(3, 'Arvin', 'Butiong', '21-78006@g.batstate-u.edu.ph', '$2a$08$xzmCW8w/Iewg3Y9KXl3PO.gMxkd6AwDKhQbFD4aGmgvwN9/TKviJ2', '', 2),
(5, 'Raica Kathleen', 'Perez', 'raicsp', '$2a$08$ut4CUTZLn5pR94n62OcoSOcSQIn2C1mlybjd8OuWHc3q7qA2YTiFG', '', NULL),
(6, 'Jennie', 'Kim', 'jennie', '$2a$08$TxtlmGSE0NgbV5I3wQLzTulpSojnSBUQpbhf9gU6Zyniaepd2aPyC', '', 2),
(7, 'Olivia', 'Smith', 'perezkatheen33@gmail.com ', '$2a$08$vK4Gr3u3MH1matuxP3jwAuQCaS7Cme..e.YvbyOFhL4Cdxm/Wpd/C', 'Raica-Perez.jpg', NULL),
(8, 'rica', 'perez', 'rica', '$2b$08$TdtbJrnZiycCnI/UjIe.MuSYFJC8g6VUTZ3ZvIdOocm4CH6WwmXsS', '', 11),
(9, 'Liam ', 'Johnson', 'b', '$2b$08$gkCcOPsB0.iDxSBe4Y0Z/uiOZzbX4Qn8np78fOHPl.jSGzqz1Od3O', '', NULL),
(10, 'Raica Kathleenn', 'Perez', 'raicaperez@gmail.com', '$2b$08$ULpudpS8LovdKa9VaWkNTuEeunP/7OHXiA48jQNvdDIz9YzUb3rFi', '', 3),
(11, 'Emma', 'Davis', 'A', '$2b$08$SigyDpPU73DDHO3WL04A9e4WMhvGr6ysZa50dREPI64ObRoQrEiT2', 'Raics-P.jpg', 11),
(12, 'William', 'Wilson', 'B', '$2b$08$F31z217xcmci69Twp6g1gu3ibJkyK3oC5zvFL6HEkKNkaP2GC0Z8W', '', NULL),
(13, 'Sophia ', 'Moore', 'perez@gmail.com', '$2b$08$D9OqjBOFuOSJdd9Cwj.zmuEjUIePo2s56K//53clKIkuz/rXUQX6O', '', NULL),
(14, 'Benjamin ', 'Thomas', 'peredz@gmail.com', '$2b$08$po5Yd5tHSwrja7n9rYdy/u.EBdLD83F4rH/R.qJ6rqh.TbF.DHLe6', '', NULL);

--
-- Indexes for dumped tables
--

--
-- Indexes for table `classes`
--
ALTER TABLE `classes`
  ADD PRIMARY KEY (`class_id`);

--
-- Indexes for table `student`
--
ALTER TABLE `student`
  ADD PRIMARY KEY (`studentID`);

--
-- Indexes for table `users`
--
ALTER TABLE `users`
  ADD PRIMARY KEY (`id`);

--
-- AUTO_INCREMENT for dumped tables
--

--
-- AUTO_INCREMENT for table `classes`
--
ALTER TABLE `classes`
  MODIFY `class_id` int(100) NOT NULL AUTO_INCREMENT, AUTO_INCREMENT=17;

--
-- AUTO_INCREMENT for table `student`
--
ALTER TABLE `student`
  MODIFY `studentID` int(11) NOT NULL AUTO_INCREMENT, AUTO_INCREMENT=69;

--
-- AUTO_INCREMENT for table `users`
--
ALTER TABLE `users`
  MODIFY `id` int(11) NOT NULL AUTO_INCREMENT, AUTO_INCREMENT=18;
COMMIT;

/*!40101 SET CHARACTER_SET_CLIENT=@OLD_CHARACTER_SET_CLIENT */;
/*!40101 SET CHARACTER_SET_RESULTS=@OLD_CHARACTER_SET_RESULTS */;
/*!40101 SET COLLATION_CONNECTION=@OLD_COLLATION_CONNECTION */;
